,melanoma,nevus,seborrheic_keratosis
ISIC_0012258.jpg,0.0413343645632267,0.5836856961250305,0.3749799132347107
ISIC_0012356.jpg,0.10312245786190033,0.20559245347976685,0.6912851333618164
ISIC_0012369.jpg,0.5376946926116943,0.2338782101869583,0.22842717170715332
ISIC_0012395.jpg,0.9673308730125427,0.03266698867082596,2.2443884972744854e-06
ISIC_0012425.jpg,0.08868338167667389,0.9095531702041626,0.0017634727992117405
ISIC_0012758.jpg,0.10477887839078903,0.8952195048332214,1.588565282872878e-06
ISIC_0012989.jpg,0.9791911244392395,0.020808707922697067,1.2334184873452614e-07
ISIC_0013072.jpg,0.008536082692444324,0.0022537410259246826,0.9892101883888245
ISIC_0013073.jpg,0.9701711535453796,0.02975301817059517,7.585727144032717e-05
ISIC_0013242.jpg,0.5090299844741821,0.490725040435791,0.0002449662715662271
ISIC_0013277.jpg,0.010893878526985645,0.9886828064918518,0.0004231797356624156
ISIC_0013321.jpg,0.5207980871200562,0.46978330612182617,0.009418618865311146
ISIC_0013374.jpg,0.9892377853393555,0.008539563044905663,0.002222697716206312
ISIC_0013411.jpg,0.8220211863517761,0.1751469224691391,0.002831866266205907
ISIC_0013414.jpg,0.006037108134478331,0.9934158325195312,0.0005470001487992704
ISIC_0013455.jpg,0.9987370371818542,0.0012626944808289409,1.9261410955095926e-07
ISIC_0013457.jpg,0.9100914597511292,0.08953458815813065,0.0003739416424650699
ISIC_0013459.jpg,0.7893941402435303,0.15844060480594635,0.05216528847813606
ISIC_0013472.jpg,0.09485290944576263,0.8862372040748596,0.018909918144345284
ISIC_0013473.jpg,0.9991118311882019,0.0008878079825080931,3.3306119462395145e-07
ISIC_0013565.jpg,0.006860364694148302,0.022866977378726006,0.9702726602554321
ISIC_0013577.jpg,0.9991716146469116,0.0008126076427288353,1.580454409122467e-05
ISIC_0013588.jpg,0.023205747827887535,0.026965491473674774,0.9498287439346313
ISIC_0013615.jpg,0.9997808337211609,0.00021912403462920338,5.280064740986745e-08
ISIC_0013617.jpg,0.12012437731027603,0.8112342953681946,0.0686412900686264
ISIC_0013636.jpg,0.9999819993972778,1.8008078768616542e-05,7.32537017156254e-11
ISIC_0013678.jpg,0.9770109057426453,0.019798249006271362,0.0031907486263662577
ISIC_0013696.jpg,0.6030914783477783,0.2624041736125946,0.13450440764427185
ISIC_0013733.jpg,0.9973616003990173,0.0024691561702638865,0.00016914396837819368
ISIC_0013739.jpg,0.0016445055371150374,0.017270147800445557,0.9810853004455566
ISIC_0013766.jpg,0.9578741788864136,0.042106859385967255,1.900872121041175e-05
ISIC_0013767.jpg,0.976065993309021,0.023586571216583252,0.0003474789555184543
ISIC_0013813.jpg,0.7072211503982544,0.04566340893507004,0.24711549282073975
ISIC_0013814.jpg,0.9999580383300781,4.19245297962334e-05,5.2193762201113714e-08
ISIC_0013833.jpg,0.999874472618103,0.00012535399582702667,1.1143903577703895e-07
ISIC_0013842.jpg,0.13220658898353577,0.862442135810852,0.005351272411644459
ISIC_0013867.jpg,0.8071833848953247,0.18894387781620026,0.003872684435918927
ISIC_0013908.jpg,0.9428724646568298,0.0564434677362442,0.0006840052083134651
ISIC_0013917.jpg,0.09448303282260895,0.11666052788496017,0.7888564467430115
ISIC_0013925.jpg,0.9006473422050476,0.053040098398923874,0.046312566846609116
ISIC_0013948.jpg,0.9996592998504639,0.00032848003320395947,1.2286962373764254e-05
ISIC_0013953.jpg,0.785272479057312,0.13965556025505066,0.07507196813821793
ISIC_0013987.jpg,0.8608955144882202,0.13903960585594177,6.48569330223836e-05
ISIC_0013988.jpg,0.9992013573646545,0.0007809890666976571,1.765519118634984e-05
ISIC_0014027.jpg,0.7250667214393616,0.2122427374124527,0.06269054114818573
ISIC_0014059.jpg,0.033944860100746155,0.9658679962158203,0.00018711842130869627
ISIC_0014077.jpg,0.9991726279258728,0.0008273357525467873,1.4539611736807956e-09
ISIC_0014103.jpg,0.995503842830658,0.004467396531254053,2.8892724003526382e-05
ISIC_0014110.jpg,0.43471482396125793,0.563206672668457,0.002078496851027012
ISIC_0014129.jpg,0.9938821792602539,0.00611066073179245,7.200892923719948e-06
ISIC_0014148.jpg,0.9991483688354492,0.0008446743595413864,6.854002094769385e-06
ISIC_0014160.jpg,0.9998687505722046,0.00013111840235069394,1.2070640309502778e-07
ISIC_0014181.jpg,0.9999774694442749,2.161357224395033e-05,9.178888831229415e-07
ISIC_0014186.jpg,0.02737121470272541,0.033144690096378326,0.9394840598106384
ISIC_0014219.jpg,0.9936461448669434,0.005887388251721859,0.00046646708506159484
ISIC_0014221.jpg,0.9563362002372742,0.04355357587337494,0.00011025051935575902
ISIC_0014233.jpg,0.32356345653533936,0.005857470910996199,0.6705791354179382
ISIC_0014255.jpg,0.8668494820594788,0.12800392508506775,0.005146543029695749
ISIC_0014270.jpg,0.9972008466720581,0.002749790670350194,4.9389924242859706e-05
ISIC_0014284.jpg,0.7519793510437012,0.2466413676738739,0.0013792500831186771
ISIC_0014288.jpg,0.04714154824614525,0.8249549269676208,0.12790349125862122
ISIC_0014319.jpg,0.9809073805809021,0.01907534897327423,1.7296679288847372e-05
ISIC_0014336.jpg,0.9997484087944031,0.0002512957144062966,1.8980455251949024e-07
ISIC_0014349.jpg,0.9981312155723572,0.0018346967408433557,3.413422382436693e-05
ISIC_0014369.jpg,0.9720093607902527,0.027984071522951126,6.595362719963305e-06
ISIC_0014423.jpg,0.9163967370986938,0.025353889912366867,0.058249298483133316
ISIC_0014434.jpg,0.35341084003448486,0.17367251217365265,0.47291672229766846
ISIC_0014454.jpg,0.25058698654174805,0.10719142109155655,0.6422216296195984
ISIC_0014478.jpg,0.8182423114776611,0.17615032196044922,0.005607448518276215
ISIC_0014489.jpg,0.9950770735740662,0.004658764228224754,0.00026414115563966334
ISIC_0014506.jpg,0.9992409944534302,0.0006336445221677423,0.0001254065427929163
ISIC_0014513.jpg,0.9977672100067139,0.002231271006166935,1.4983728533479734e-06
ISIC_0014541.jpg,0.9972035884857178,0.0027964182663708925,4.74750123657941e-08
ISIC_0014542.jpg,0.83266282081604,0.030676977708935738,0.13666026294231415
ISIC_0014546.jpg,0.8101503849029541,0.01854727603495121,0.17130228877067566
ISIC_0014548.jpg,0.6448835730552673,0.1661696881055832,0.18894673883914948
ISIC_0014559.jpg,0.9982001781463623,0.0017945331055670977,5.20617277288693e-06
ISIC_0014663.jpg,0.9990139007568359,0.0009860364953055978,5.6993702202134955e-08
ISIC_0014666.jpg,0.999961256980896,3.876502887578681e-05,3.729119679718451e-09
ISIC_0014695.jpg,0.24153286218643188,0.7484889626502991,0.009978124871850014
ISIC_0014703.jpg,0.9994631409645081,0.0005369031568989158,7.4231705227134626e-09
ISIC_0014727.jpg,0.9968110918998718,0.003187434049323201,1.4840616131550632e-06
ISIC_0014766.jpg,0.9758380055427551,0.02415618859231472,5.8235464166500606e-06
ISIC_0014772.jpg,0.9056203961372375,0.09430878609418869,7.085892139002681e-05
ISIC_0014784.jpg,0.9999107122421265,8.867236465448514e-05,5.791333705928992e-07
ISIC_0014790.jpg,0.9997186064720154,6.745970313204452e-05,0.00021387820015661418
ISIC_0014800.jpg,0.9126965999603271,0.08729583770036697,7.569488388980972e-06
ISIC_0014826.jpg,0.1537390947341919,0.8462609052658081,1.1411033007391325e-08
ISIC_0014862.jpg,0.6149454116821289,0.3850279450416565,2.6662466552807018e-05
ISIC_0014872.jpg,0.9982985854148865,0.001597707043401897,0.00010380928142694756
ISIC_0014883.jpg,0.8670263886451721,0.13296781480312347,5.798082383989822e-06
ISIC_0014912.jpg,0.999617338180542,0.00038217296241782606,4.4153509293209936e-07
ISIC_0014928.jpg,0.0015753492480143905,0.99842369556427,9.952265145329875e-07
ISIC_0014932.jpg,0.8535748720169067,0.1463509351015091,7.421122427331284e-05
ISIC_0014963.jpg,0.996934175491333,0.0030658687464892864,2.6450921453147203e-08
ISIC_0014982.jpg,0.9940511584281921,0.005945474840700626,3.275905783084454e-06
ISIC_0015004.jpg,0.9933816194534302,0.006618136074393988,2.2730151272298826e-07
ISIC_0015041.jpg,0.87742018699646,0.12257161736488342,8.297083695651963e-06
ISIC_0015046.jpg,0.03495755419135094,0.9650424122810364,2.2337913463399417e-10
ISIC_0015050.jpg,0.9999855756759644,1.4414277757168747e-05,1.3535402132447416e-08
ISIC_0015071.jpg,0.9999924898147583,7.494858436984941e-06,1.6183033645783551e-12
ISIC_0015115.jpg,0.9938807487487793,0.006117646116763353,1.611334596418601e-06
ISIC_0015119.jpg,0.9998818635940552,0.00011813314631581306,9.198256045728215e-10
ISIC_0015127.jpg,0.9959743618965149,0.00402560830116272,3.228094769269774e-08
ISIC_0015132.jpg,0.9996751546859741,0.00032483384711667895,6.514022654613427e-09
ISIC_0015133.jpg,0.9018300771713257,0.09816987812519073,7.634164411740585e-09
ISIC_0015136.jpg,0.9895221590995789,0.01035596989095211,0.00012183953367639333
ISIC_0015142.jpg,0.5775461792945862,0.42245328426361084,5.441689836516161e-07
ISIC_0015156.jpg,0.9968180656433105,0.0031614224426448345,2.038571437879e-05
ISIC_0015163.jpg,0.9731740951538086,0.02682575397193432,6.843089295216487e-08
ISIC_0015167.jpg,0.9999502897262573,4.935306424158625e-05,3.0071885248617036e-07
ISIC_0015180.jpg,0.9968423843383789,0.0031575809698551893,2.8492497250454107e-08
ISIC_0015185.jpg,0.9999672174453735,3.266243584221229e-05,7.833281046032425e-08
ISIC_0015193.jpg,0.7719613313674927,0.226840078830719,0.0011986326426267624
ISIC_0015206.jpg,0.994674801826477,0.005319352261722088,5.774410510639427e-06
ISIC_0015229.jpg,0.9994333386421204,0.0005665888311341405,1.5263496022654977e-09
ISIC_0015251.jpg,0.9981217980384827,0.0018147043883800507,6.358901009662077e-05
ISIC_0012092.jpg,0.191258043050766,0.8087418675422668,1.1508187469644326e-07
ISIC_0012095.jpg,0.00010289269994245842,0.9998968839645386,2.1486182788521546e-07
ISIC_0012147.jpg,0.001508146757259965,0.9970867037773132,0.001405227230861783
ISIC_0012149.jpg,0.001482773688621819,0.20489095151424408,0.7936262488365173
ISIC_0012152.jpg,0.2944747507572174,0.7010615468025208,0.004463684745132923
ISIC_0012216.jpg,0.07376205921173096,0.6287843585014343,0.2974536120891571
ISIC_0012357.jpg,0.5048100352287292,0.19250759482383728,0.30268239974975586
ISIC_0012484.jpg,0.1935931295156479,0.016769591718912125,0.7896372675895691
ISIC_0012493.jpg,0.04908062890172005,0.93321293592453,0.017706366255879402
ISIC_0012551.jpg,0.0024788733571767807,0.9974886178970337,3.242048478568904e-05
ISIC_0012654.jpg,0.00699399970471859,0.9929781556129456,2.778793714242056e-05
ISIC_0012656.jpg,0.020587224513292313,0.9738178253173828,0.005594931077212095
ISIC_0012708.jpg,0.004278966225683689,0.9937373399734497,0.001983715919777751
ISIC_0012722.jpg,0.001515455194748938,0.9311237335205078,0.06736085563898087
ISIC_0012803.jpg,0.01471412368118763,0.6531741619110107,0.3321117162704468
ISIC_0012836.jpg,0.0049215820617973804,0.9941229224205017,0.0009555723518133163
ISIC_0012837.jpg,0.013534125871956348,0.9792305827140808,0.007235426921397448
ISIC_0012903.jpg,7.0837318162375595e-06,0.9999878406524658,5.0987964641535655e-06
ISIC_0012904.jpg,1.4086416513237054e-06,0.9784913063049316,0.021507231518626213
ISIC_0012941.jpg,5.37868108949624e-05,0.2007354348897934,0.7992108464241028
ISIC_0012967.jpg,1.2167642182703275e-07,4.555233317660168e-05,0.999954342842102
ISIC_0013045.jpg,0.0012206912506371737,0.9987789988517761,3.6097455335948325e-07
ISIC_0013070.jpg,0.005625572055578232,0.9937375783920288,0.0006368865724653006
ISIC_0013109.jpg,0.046498820185661316,0.9420220255851746,0.011479235254228115
ISIC_0013159.jpg,0.006565225310623646,0.3734945058822632,0.6199402809143066
ISIC_0013164.jpg,3.76412162950146e-06,0.9995366334915161,0.00045962282456457615
ISIC_0013176.jpg,0.05320979654788971,0.942998468875885,0.0037917345762252808
ISIC_0013191.jpg,0.0026280125603079796,0.7833819389343262,0.21399006247520447
ISIC_0013216.jpg,0.010936104692518711,0.8307758569717407,0.15828801691532135
ISIC_0013226.jpg,0.002245014999061823,0.7034294605255127,0.2943255603313446
ISIC_0013230.jpg,6.170585947984364e-06,0.9999908208847046,2.9847001314919908e-06
ISIC_0013269.jpg,0.42030832171440125,0.5796904563903809,1.2459785239116172e-06
ISIC_0013291.jpg,0.934577226638794,0.065372534096241,5.0230781198479235e-05
ISIC_0013325.jpg,0.007012997753918171,0.09736323356628418,0.8956238031387329
ISIC_0013399.jpg,0.0035495541524142027,0.9936996698379517,0.002750708721578121
ISIC_0013416.jpg,0.00017326178203802556,0.9998213648796082,5.346726538846269e-06
ISIC_0013511.jpg,0.6945393085479736,0.30456340312957764,0.0008973509538918734
ISIC_0013512.jpg,0.07226958125829697,0.9220806956291199,0.005649672821164131
ISIC_0013529.jpg,0.1146332174539566,0.8850327134132385,0.0003341349074617028
ISIC_0013600.jpg,0.016246384009718895,0.9831505417823792,0.0006030624499544501
ISIC_0013602.jpg,0.7417163252830505,0.258229523897171,5.4103071306599304e-05
ISIC_0013738.jpg,0.00017817305342759937,0.9998121857643127,9.695025255496148e-06
ISIC_0013794.jpg,0.0007224762230180204,0.9991059899330139,0.0001715283578960225
ISIC_0013809.jpg,0.9975729584693909,0.002418828895315528,8.227072612498887e-06
ISIC_0013891.jpg,0.006069076247513294,0.9938730001449585,5.795080869575031e-05
ISIC_0013897.jpg,0.011212890036404133,0.3019048571586609,0.6868822574615479
ISIC_0013911.jpg,0.0002947337052319199,0.06221625581383705,0.9374890327453613
ISIC_0013966.jpg,0.000693278678227216,0.029810145497322083,0.9694966077804565
ISIC_0013998.jpg,0.19072137773036957,0.49657830595970154,0.3127002716064453
ISIC_0014090.jpg,0.00023108483583200723,0.9997643828392029,4.4746152525476646e-06
ISIC_0014117.jpg,0.0012280625523999333,0.9987693428993225,2.630776634759968e-06
ISIC_0014470.jpg,8.269321551779285e-05,0.0025815018452703953,0.9973357319831848
ISIC_0014675.jpg,6.236346962396055e-05,0.9999374151229858,2.6864657343139697e-07
ISIC_0014677.jpg,0.03251853957772255,0.9567924737930298,0.01068897359073162
ISIC_0014687.jpg,0.5297887325286865,0.47020861506462097,2.6647792310541263e-06
ISIC_0014693.jpg,0.9818300604820251,0.01799280382692814,0.00017707017832435668
ISIC_0014697.jpg,0.1812536120414734,0.818692147731781,5.429062730399892e-05
ISIC_0014698.jpg,0.0001147545117419213,0.9998725652694702,1.2674920981226023e-05
ISIC_0014720.jpg,0.037651848047971725,0.9607101678848267,0.001637980923987925
ISIC_0014725.jpg,0.29185304045677185,0.708114743232727,3.2166208256967366e-05
ISIC_0014728.jpg,0.0008741950732655823,0.9991256594657898,1.3083281658055057e-07
ISIC_0014729.jpg,0.004175699781626463,0.9954786896705627,0.00034567699185572565
ISIC_0014740.jpg,0.9418023228645325,0.05816004052758217,3.7565121601801366e-05
ISIC_0014743.jpg,0.014155913144350052,0.9855526089668274,0.00029146228916943073
ISIC_0014746.jpg,0.014287199825048447,0.985302209854126,0.00041048304410651326
ISIC_0014749.jpg,0.12213883548974991,0.8778612017631531,2.4215506044811264e-08
ISIC_0014753.jpg,0.9125707745552063,0.08742090314626694,8.30524368211627e-06
ISIC_0014755.jpg,0.12784357368946075,0.8646178245544434,0.007538576610386372
ISIC_0014765.jpg,0.00038644092273898423,0.9995866417884827,2.6888883439823985e-05
ISIC_0014768.jpg,8.918030289351009e-06,0.999990701675415,3.145556490835588e-07
ISIC_0014773.jpg,0.0010609349701553583,0.9989137649536133,2.54158912866842e-05
ISIC_0014780.jpg,0.44119060039520264,0.5586487650871277,0.00016062200302258134
ISIC_0014786.jpg,0.9995430707931519,0.0004560054512694478,9.80293066277227e-07
ISIC_0014787.jpg,0.02828221581876278,0.971515417098999,0.00020241203310433775
ISIC_0014792.jpg,0.8410113453865051,0.1357177197933197,0.023270901292562485
ISIC_0014796.jpg,0.3785995543003082,0.6124234199523926,0.008977020159363747
ISIC_0014798.jpg,0.016352592036128044,0.9831932783126831,0.00045420395326800644
ISIC_0014807.jpg,0.20867782831192017,0.7913212180137634,8.995860412142065e-07
ISIC_0014814.jpg,0.06199205666780472,0.9376558661460876,0.0003521059697959572
ISIC_0014815.jpg,0.3116704225540161,0.6882251501083374,0.0001044067248585634
ISIC_0014820.jpg,0.03900434821844101,0.9609928131103516,2.8626477615034673e-06
ISIC_0014822.jpg,0.016045555472373962,0.9839227795600891,3.1648312869947404e-05
ISIC_0014833.jpg,0.7836952209472656,0.19318659603595734,0.023118138313293457
ISIC_0014835.jpg,0.21755003929138184,0.7823812365531921,6.878023850731552e-05
ISIC_0014844.jpg,0.22015230357646942,0.7775058150291443,0.0023418739438056946
ISIC_0014853.jpg,0.4279518723487854,0.5720359683036804,1.2233989764354192e-05
ISIC_0014854.jpg,0.39952030777931213,0.6004500389099121,2.9632950827362947e-05
ISIC_0014863.jpg,0.2617627680301666,0.7364869713783264,0.0017501898109912872
ISIC_0014867.jpg,0.012033452279865742,0.9878635406494141,0.00010303706221748143
ISIC_0014868.jpg,0.25967535376548767,0.7366312742233276,0.0036934141535311937
ISIC_0014876.jpg,0.05634806677699089,0.9435796737670898,7.233392534544691e-05
ISIC_0014879.jpg,1.1212159733986482e-05,0.9999887943267822,5.059855112676814e-08
ISIC_0014901.jpg,0.0033078736159950495,0.9960324168205261,0.000659674871712923
ISIC_0014907.jpg,0.0004182324919383973,0.9995197057723999,6.209236744325608e-05
ISIC_0014910.jpg,0.005803113337606192,0.9941965341567993,3.954975511533121e-07
ISIC_0014921.jpg,0.008525996468961239,0.9914736747741699,3.1297091140913835e-07
ISIC_0014927.jpg,0.00015236683248076588,0.9998476505279541,8.03758171130653e-10
ISIC_0014936.jpg,0.11903051286935806,0.8809686303138733,7.985016736711259e-07
ISIC_0014938.jpg,0.018718093633651733,0.981281578540802,3.866002202812524e-07
ISIC_0014940.jpg,0.1506817638874054,0.8493149280548096,3.387236347407452e-06
ISIC_0014941.jpg,0.019756492227315903,0.980243444442749,1.0810021322527064e-08
ISIC_0014942.jpg,2.767551995930262e-05,0.9999688863754272,3.515729758873931e-06
ISIC_0014943.jpg,0.017655717208981514,0.9823428988456726,1.4298236692411592e-06
ISIC_0014944.jpg,0.38640347123146057,0.6130141615867615,0.0005823433748446405
ISIC_0014947.jpg,0.2656387984752655,0.734272301197052,8.88862632564269e-05
ISIC_0014948.jpg,0.9996259212493896,0.00037402959424071014,3.0877528311989977e-10
ISIC_0014949.jpg,0.06862887740135193,0.9313705563545227,5.239267579781881e-07
ISIC_0014952.jpg,0.09416612982749939,0.9054136872291565,0.000420229829614982
ISIC_0014955.jpg,0.0475614033639431,0.9523927569389343,4.584785347105935e-05
ISIC_0014956.jpg,0.1892973631620407,0.8107024431228638,1.6547183179227432e-07
ISIC_0014957.jpg,2.8552833555295365e-06,0.9999970197677612,1.509765041873834e-07
ISIC_0014958.jpg,0.8785592913627625,0.12004616856575012,0.0013945162063464522
ISIC_0014959.jpg,0.003630655584856868,0.9963682889938354,1.0372106089562294e-06
ISIC_0014961.jpg,0.9225631952285767,0.07743591070175171,8.781717042438686e-07
ISIC_0014962.jpg,0.20592346787452698,0.7939069867134094,0.0001695188693702221
ISIC_0014964.jpg,0.0007916393224149942,0.9992082715034485,7.506111643351687e-08
ISIC_0014966.jpg,0.3299914002418518,0.6692955493927002,0.0007130115991458297
ISIC_0014968.jpg,0.13645654916763306,0.8635227680206299,2.066150955215562e-05
ISIC_0014969.jpg,0.38387125730514526,0.6154133677482605,0.00071536167524755
ISIC_0014973.jpg,0.1693011224269867,0.8306818008422852,1.7006235793814994e-05
ISIC_0014974.jpg,0.4198944568634033,0.5795135498046875,0.0005920521216467023
ISIC_0014977.jpg,0.06245233491063118,0.9372400641441345,0.00030758828506805
ISIC_0014992.jpg,0.009328825399279594,0.9906708002090454,4.0914494547905633e-07
ISIC_0014994.jpg,0.0022046619560569525,0.9971104860305786,0.0006847313488833606
ISIC_0014998.jpg,0.018146667629480362,0.9816135168075562,0.00023981634876690805
ISIC_0015002.jpg,0.00011567088222363964,0.9532603621482849,0.046623993664979935
ISIC_0015003.jpg,0.05902530625462532,0.9401693940162659,0.0008052983321249485
ISIC_0015007.jpg,2.989466520375572e-05,0.9999055862426758,6.449413194786757e-05
ISIC_0015008.jpg,0.976997971534729,0.023001816123723984,2.1853156795259565e-07
ISIC_0015009.jpg,0.09025183320045471,0.9085397124290466,0.0012084655463695526
ISIC_0015011.jpg,0.5402650833129883,0.41152235865592957,0.04821261391043663
ISIC_0015013.jpg,0.9147314429283142,0.08526093512773514,7.632133019797038e-06
ISIC_0015015.jpg,0.20885542035102844,0.7911372780799866,7.222428848763229e-06
ISIC_0015016.jpg,0.0006624826928600669,0.9993194341659546,1.811661604733672e-05
ISIC_0015018.jpg,0.0027849082835018635,0.9972147345542908,4.153577037868672e-07
ISIC_0015019.jpg,0.41186949610710144,0.5878533124923706,0.000277226441539824
ISIC_0015020.jpg,0.41274040937423706,0.5872515439987183,7.994381121534389e-06
ISIC_0015021.jpg,0.002244820585474372,0.9976391792297363,0.00011607754277065396
ISIC_0015023.jpg,0.14795686304569244,0.7973807454109192,0.05466241016983986
ISIC_0015026.jpg,0.08102437108755112,0.9186947345733643,0.0002809050492942333
ISIC_0015030.jpg,0.0013637832598760724,0.9986144304275513,2.1749707229901105e-05
ISIC_0015031.jpg,0.020494457334280014,0.11569652706384659,0.8638089895248413
ISIC_0015034.jpg,0.004558485001325607,0.9935116171836853,0.0019299557898193598
ISIC_0015035.jpg,0.0122307687997818,0.98776775598526,1.4262129752751207e-06
ISIC_0015037.jpg,0.027815189212560654,0.9721846580505371,1.4306104390016117e-07
ISIC_0015040.jpg,0.6839521527290344,0.31579193472862244,0.00025589967845007777
ISIC_0015051.jpg,0.545850396156311,0.45410239696502686,4.715852264780551e-05
ISIC_0015056.jpg,0.9910693168640137,0.008928393945097923,2.2956910470384173e-06
ISIC_0015057.jpg,0.17533566057682037,0.816970705986023,0.007693613413721323
ISIC_0015060.jpg,0.08093376457691193,0.9190595149993896,6.638033937633736e-06
ISIC_0015064.jpg,0.9056028127670288,0.09437722712755203,2.0007399143651128e-05
ISIC_0015078.jpg,0.0055318186059594154,0.8667765259742737,0.12769156694412231
ISIC_0015089.jpg,0.010915216989815235,0.9890764951705933,8.197342140192632e-06
ISIC_0015102.jpg,0.9430552124977112,0.05629830062389374,0.0006465621991083026
ISIC_0015118.jpg,0.05475834012031555,0.9450436234474182,0.00019810011144727468
ISIC_0015125.jpg,0.06111570820212364,0.9388842582702637,4.1897667557577734e-08
ISIC_0015129.jpg,0.24596896767616272,0.02898409590125084,0.7250469326972961
ISIC_0015130.jpg,0.0020670548547059298,0.9978210926055908,0.00011175661347806454
ISIC_0015139.jpg,0.0072577036917209625,0.9927421808242798,6.175493183491199e-08
ISIC_0015140.jpg,0.9860402345657349,0.013959619216620922,7.892198539138917e-08
ISIC_0015146.jpg,0.04165354371070862,0.9570749402046204,0.0012714113108813763
ISIC_0015149.jpg,0.9068761467933655,0.09308189153671265,4.191106927464716e-05
ISIC_0015150.jpg,0.12750406563282013,0.872372031211853,0.0001239175326190889
ISIC_0015152.jpg,0.01727941818535328,0.9816030859947205,0.0011174643877893686
ISIC_0015155.jpg,1.1688108259022556e-07,0.9999998807907104,5.466181396407421e-10
ISIC_0015157.jpg,0.30716270208358765,0.6885629892349243,0.0042742835357785225
ISIC_0015160.jpg,1.2962265145688434e-06,0.9998607635498047,0.00013787197531200945
ISIC_0015161.jpg,8.53367819217965e-05,0.9998389482498169,7.573287439299747e-05
ISIC_0015171.jpg,0.9752757549285889,0.024698618799448013,2.5722927603055723e-05
ISIC_0015173.jpg,0.31393277645111084,0.6826543807983398,0.003412894206121564
ISIC_0015174.jpg,0.5355150103569031,0.46433380246162415,0.00015117294969968498
ISIC_0015175.jpg,0.05364501103758812,0.9463371634483337,1.782694016583264e-05
ISIC_0015176.jpg,0.0942164734005928,0.9041142463684082,0.001669280114583671
ISIC_0015179.jpg,0.35885903239250183,0.6393235325813293,0.0018174727447330952
ISIC_0015184.jpg,0.10042360424995422,0.8949283957481384,0.004648030269891024
ISIC_0015201.jpg,0.893066942691803,0.10693196952342987,1.0634131513143075e-06
ISIC_0015202.jpg,0.2119813710451126,0.7880175709724426,9.986613349610707e-07
ISIC_0015203.jpg,0.997044026851654,0.002956017618998885,1.381421366186686e-10
ISIC_0015207.jpg,0.0022849487140774727,0.9974452257156372,0.0002697957679629326
ISIC_0015208.jpg,0.49414122104644775,0.5047299861907959,0.0011287967208772898
ISIC_0015212.jpg,0.0001225374435307458,0.9998774528503418,2.3745464261537563e-08
ISIC_0015215.jpg,0.02255329303443432,0.9774460196495056,7.518777351833705e-07
ISIC_0015216.jpg,0.8879210948944092,0.10834112018346786,0.0037376917898654938
ISIC_0015217.jpg,0.003709094598889351,0.9962651133537292,2.5810766601352952e-05
ISIC_0015218.jpg,0.012378544546663761,0.9876177906990051,3.688900278575602e-06
ISIC_0015223.jpg,0.2973158061504364,0.7026836276054382,6.128814220573986e-07
ISIC_0015224.jpg,0.4289776086807251,0.570873498916626,0.00014893195475451648
ISIC_0015226.jpg,0.021868407726287842,0.9780721664428711,5.940900882706046e-05
ISIC_0015232.jpg,0.39327043294906616,0.5331619381904602,0.07356755435466766
ISIC_0015237.jpg,0.985615611076355,0.014383649453520775,6.909131116117351e-07
ISIC_0015241.jpg,0.0029899762012064457,0.9970096349716187,3.3695360457386414e-07
ISIC_0015244.jpg,0.00579720176756382,0.9937792420387268,0.00042350421426817775
ISIC_0015245.jpg,0.016897955909371376,0.9808415174484253,0.0022604900877922773
ISIC_0015250.jpg,0.47801658511161804,0.5197149515151978,0.0022683951538056135
ISIC_0015254.jpg,0.0012111752294003963,0.9987872242927551,1.7064750181816635e-06
ISIC_0015255.jpg,0.670456051826477,0.3290475308895111,0.0004963927785865963
ISIC_0015258.jpg,0.38150832056999207,0.6181378364562988,0.00035383307840675116
ISIC_0015264.jpg,0.0044759404845535755,0.995368480682373,0.0001555954513605684
ISIC_0015270.jpg,0.0029917429201304913,0.9969767332077026,3.151005512336269e-05
ISIC_0015273.jpg,0.7843353152275085,0.16537119448184967,0.05029352009296417
ISIC_0015274.jpg,0.9590455889701843,0.04094846546649933,5.972391136310762e-06
ISIC_0015276.jpg,0.833930492401123,0.1632068008184433,0.0028626504354178905
ISIC_0015279.jpg,0.0482984222471714,0.9492311477661133,0.0024704369716346264
ISIC_0015283.jpg,0.0031860675662755966,0.996813952922821,3.5798723985180914e-08
ISIC_0015291.jpg,0.0029849912971258163,0.9959522485733032,0.0010627198498696089
ISIC_0015293.jpg,0.8693401217460632,0.13028769195079803,0.00037219616933725774
ISIC_0015298.jpg,0.04747868329286575,0.9524986743927002,2.2658930902252905e-05
ISIC_0015309.jpg,0.014639323577284813,0.9827703237533569,0.002590285846963525
ISIC_0015310.jpg,0.0021955810952931643,0.9977987408638,5.739947027905146e-06
ISIC_0015311.jpg,0.6076405048370361,0.39232155680656433,3.7876670830883086e-05
ISIC_0015312.jpg,0.17055003345012665,0.8294498324394226,9.022780744771808e-08
ISIC_0015330.jpg,0.5139041543006897,0.48574844002723694,0.0003473605029284954
ISIC_0015331.jpg,0.08455517143011093,0.8857415318489075,0.029703304171562195
ISIC_0015347.jpg,0.06051022559404373,0.6027725338935852,0.33671724796295166
ISIC_0015353.jpg,0.8713884949684143,0.1282275915145874,0.0003838890988845378
ISIC_0015355.jpg,0.02402055263519287,0.9759722352027893,7.222441581689054e-06
ISIC_0015357.jpg,0.006606103386729956,0.9927496910095215,0.0006441283621825278
ISIC_0015360.jpg,0.9942280054092407,0.00577192660421133,1.3387665975805874e-10
ISIC_0015363.jpg,0.025526003912091255,0.003932066261768341,0.9705418944358826
ISIC_0015364.jpg,0.0014396304031834006,0.9981149435043335,0.00044546194840222597
ISIC_0015368.jpg,0.3288255035877228,0.6711628437042236,1.1675100722641218e-05
ISIC_0015369.jpg,0.0004020626947749406,0.9995465874671936,5.132487422088161e-05
ISIC_0015383.jpg,0.022637037560343742,0.9773629903793335,2.5099242129122956e-11
ISIC_0015386.jpg,0.963519811630249,0.0364781878888607,1.910062792376266e-06
ISIC_0015390.jpg,0.9911842942237854,0.008815581910312176,1.528888304846987e-07
ISIC_0015395.jpg,0.00024381227558478713,0.989925742149353,0.00983039103448391
ISIC_0015403.jpg,0.9668332934379578,0.030927864834666252,0.002238820306956768
ISIC_0015404.jpg,0.9814161062240601,0.018583809956908226,1.294460645340223e-07
ISIC_0015411.jpg,0.1172819435596466,0.882718026638031,2.9735948814391122e-08
ISIC_0015412.jpg,0.2122495174407959,0.7876312136650085,0.0001192882627947256
ISIC_0015416.jpg,0.9989349246025085,0.0010650733020156622,1.5255884333598146e-09
ISIC_0015417.jpg,0.022564567625522614,0.9774349927902222,5.155122835276416e-07
ISIC_0015418.jpg,0.0002697092422749847,0.9996885061264038,4.183539567748085e-05
ISIC_0015419.jpg,0.005445581395179033,0.9944825172424316,7.200315303634852e-05
ISIC_0015436.jpg,0.0003243774699512869,0.9996691942214966,6.3959387262002565e-06
ISIC_0015440.jpg,0.0002705139631871134,0.9997294545173645,3.1851643544911212e-09
ISIC_0015447.jpg,0.8916108012199402,0.10796181857585907,0.0004274122475180775
ISIC_0015455.jpg,0.003235327312722802,0.9966204166412354,0.00014417838247027248
ISIC_0015464.jpg,0.0820876881480217,0.9178866147994995,2.5705949155963026e-05
ISIC_0015466.jpg,0.7737717628479004,0.22622406482696533,4.224111762596294e-06
ISIC_0015468.jpg,0.7608014941215515,0.06256433576345444,0.17663416266441345
ISIC_0015476.jpg,0.00929825659841299,0.990698516368866,3.1926836072670994e-06
ISIC_0015481.jpg,0.9909853935241699,0.009013581089675426,1.0252368838337134e-06
ISIC_0015482.jpg,0.8826411366462708,0.1173500344157219,8.795818757789675e-06
ISIC_0015485.jpg,0.34490346908569336,0.6550942063331604,2.2653323412669124e-06
ISIC_0015510.jpg,0.060397177934646606,0.9375709891319275,0.002031868090853095
ISIC_0015526.jpg,0.04185830056667328,0.9581411480903625,5.254988764136215e-07
ISIC_0015537.jpg,0.999957799911499,4.2231582483509555e-05,4.5781241908571246e-08
ISIC_0015544.jpg,0.9932686686515808,0.006731070578098297,2.7515022793522803e-07
ISIC_0015559.jpg,0.7486670017242432,0.2513182461261749,1.4737234778294805e-05
ISIC_0015563.jpg,0.1369210034608841,0.20921485126018524,0.6538641452789307
ISIC_0015566.jpg,0.7041094899177551,0.2958790957927704,1.1369029380148277e-05
ISIC_0015568.jpg,0.04433204606175423,0.9554641246795654,0.0002038375532720238
ISIC_0015582.jpg,0.020227426663041115,0.979771077632904,1.5301608300433145e-06
ISIC_0015593.jpg,0.05030011013150215,0.9349268674850464,0.014773031696677208
ISIC_0015603.jpg,0.0208769328892231,0.9791151285171509,7.993158760655206e-06
ISIC_0015607.jpg,0.9672226309776306,0.03043464943766594,0.002342709805816412
ISIC_0015614.jpg,0.9702908992767334,0.029692092910408974,1.6963689631666057e-05
ISIC_0015617.jpg,0.36277270317077637,0.6357274651527405,0.0014998632250353694
ISIC_0015625.jpg,0.057895828038454056,0.9421041011810303,1.5295552202587714e-07
ISIC_0015631.jpg,0.22997549176216125,0.7678834795951843,0.002140999538823962
ISIC_0015636.jpg,0.9924604296684265,0.007496815174818039,4.2744904931169e-05
ISIC_0015638.jpg,0.35743558406829834,0.642358124256134,0.00020626366313081235
ISIC_0015641.jpg,1.9750486899283715e-05,0.9998352527618408,0.0001448863185942173
ISIC_0015645.jpg,0.12333481758832932,0.8766565322875977,8.647964932606556e-06
ISIC_0015936.jpg,0.24557910859584808,0.7274813055992126,0.02693956159055233
ISIC_0015937.jpg,7.324310718104243e-05,0.999879002571106,4.773893306264654e-05
ISIC_0015938.jpg,0.0359351821243763,0.9640415906906128,2.3258648070623167e-05
ISIC_0015939.jpg,0.0011405092664062977,0.9573906660079956,0.04146880283951759
ISIC_0015940.jpg,0.030882129445672035,0.9685420989990234,0.0005758439074270427
ISIC_0015941.jpg,0.016055859625339508,0.9839435815811157,6.182609126881289e-07
ISIC_0015942.jpg,0.0010459081968292594,0.9893960356712341,0.009558077901601791
ISIC_0015943.jpg,0.005415327847003937,0.9355745911598206,0.05901005491614342
ISIC_0015944.jpg,0.03499092534184456,0.8952452540397644,0.0697639137506485
ISIC_0015945.jpg,0.005691748112440109,0.9823688864707947,0.01193931046873331
ISIC_0015946.jpg,0.013472608290612698,0.9625478982925415,0.02397940494120121
ISIC_0015947.jpg,0.16432249546051025,0.8321951627731323,0.0034822612069547176
ISIC_0015948.jpg,0.007431434001773596,0.9925683736801147,2.789095105981687e-07
ISIC_0015949.jpg,0.0007721208967268467,0.9990301132202148,0.00019785530457738787
ISIC_0015950.jpg,0.009731536731123924,0.9558095335960388,0.034458909183740616
ISIC_0015951.jpg,0.00021650185226462781,0.9997163414955139,6.706958811264485e-05
ISIC_0015952.jpg,0.022464236244559288,0.9387423396110535,0.038793377578258514
ISIC_0015953.jpg,0.3346045911312103,0.6650489568710327,0.0003463757166173309
ISIC_0015954.jpg,0.0003206644323654473,0.9996769428253174,2.4295309231092688e-06
ISIC_0015955.jpg,0.16344541311264038,0.8342780470848083,0.0022766110487282276
ISIC_0015956.jpg,0.003417597385123372,0.9965824484825134,8.829526554343659e-10
ISIC_0015957.jpg,3.995390670752386e-06,0.27961641550064087,0.7203795909881592
ISIC_0015958.jpg,0.029771752655506134,0.5401591658592224,0.4300690293312073
ISIC_0015959.jpg,0.1276632845401764,0.8467305898666382,0.025606142356991768
ISIC_0015960.jpg,0.009737786836922169,0.9902622103691101,5.5513734054102315e-08
ISIC_0015961.jpg,0.0012403468135744333,0.9987596273422241,1.177917496875125e-08
ISIC_0015962.jpg,0.0006324900314211845,0.9877631068229675,0.011604451574385166
ISIC_0015963.jpg,0.002270677825435996,0.9900879263877869,0.007641340605914593
ISIC_0015964.jpg,0.5715696215629578,0.4281100332736969,0.00032027921406552196
ISIC_0015965.jpg,0.8524698615074158,0.14752990007400513,1.7312481759290677e-07
ISIC_0015966.jpg,0.0047829472459852695,0.9926851987838745,0.0025318684056401253
ISIC_0015967.jpg,0.13911716639995575,0.8574040532112122,0.0034787924960255623
ISIC_0015968.jpg,0.3766930103302002,0.33622363209724426,0.2870834171772003
ISIC_0015969.jpg,0.6858946084976196,0.3136746287345886,0.0004308246716391295
ISIC_0015971.jpg,0.005174684338271618,0.9929554462432861,0.0018698342610150576
ISIC_0015972.jpg,0.0007792948163114488,0.9990135431289673,0.00020708568627014756
ISIC_0015973.jpg,3.6371557143866085e-06,0.9999605417251587,3.572316563804634e-05
ISIC_0015974.jpg,7.742609341221396e-06,0.9997144341468811,0.0002777572371996939
ISIC_0015975.jpg,0.25369176268577576,0.7463032007217407,4.973980594513705e-06
ISIC_0015976.jpg,0.6700785160064697,0.3299201726913452,1.2869475085608428e-06
ISIC_0015978.jpg,0.001113435602746904,0.11152050644159317,0.887365996837616
ISIC_0015979.jpg,0.2944747507572174,0.7010615468025208,0.004463684745132923
ISIC_0015980.jpg,0.39943280816078186,0.6001232266426086,0.000443960539996624
ISIC_0015981.jpg,8.077175152720883e-05,0.999914288520813,4.897836788586574e-06
ISIC_0015982.jpg,0.00731618981808424,0.992683470249176,3.3013742495313636e-07
ISIC_0015983.jpg,0.4927477240562439,0.07308293879032135,0.43416932225227356
ISIC_0015984.jpg,0.003045186400413513,0.7910086512565613,0.205946147441864
ISIC_0015985.jpg,0.0013364697806537151,0.9959905743598938,0.0026729395613074303
ISIC_0015986.jpg,0.0031558924820274115,0.9951139092445374,0.0017302234191447496
ISIC_0015987.jpg,0.004512279760092497,0.9912499189376831,0.00423785112798214
ISIC_0015988.jpg,0.0007037980249151587,0.999293327331543,2.8450929221435217e-06
ISIC_0015989.jpg,0.061811964958906174,0.9378610253334045,0.00032703045872040093
ISIC_0015990.jpg,0.0046228207647800446,0.9953718781471252,5.300369593896903e-06
ISIC_0015991.jpg,0.00019349149079062045,0.9879602193832397,0.011846321634948254
ISIC_0015992.jpg,0.0010147650027647614,0.99897301197052,1.226065887749428e-05
ISIC_0015993.jpg,0.19602972269058228,0.8039688467979431,1.38998007059854e-06
ISIC_0015994.jpg,0.03672764450311661,0.9630253911018372,0.0002469189348630607
ISIC_0015995.jpg,0.0838250145316124,0.9161732792854309,1.7941938494914211e-06
ISIC_0015996.jpg,0.0037469821982085705,0.9945018291473389,0.001751202973537147
ISIC_0015997.jpg,0.008710070513188839,0.9895735383033752,0.001716400496661663
ISIC_0015998.jpg,0.6338280439376831,0.3661386966705322,3.323810960864648e-05
ISIC_0015999.jpg,0.18809260427951813,0.8069753646850586,0.004932037554681301
ISIC_0016000.jpg,0.05856315419077873,0.9414218664169312,1.5042807717691176e-05
ISIC_0016001.jpg,0.07376207411289215,0.6287843585014343,0.2974536716938019
ISIC_0016002.jpg,0.027789844200015068,0.970621645450592,0.0015885570319369435
ISIC_0016003.jpg,0.3916296064853668,0.6083604693412781,9.936780770658515e-06
ISIC_0016004.jpg,0.5864467620849609,0.41058701276779175,0.002966234926134348
ISIC_0016005.jpg,0.0006295132916420698,0.9993616938591003,8.870480087352917e-06
ISIC_0016006.jpg,0.002877900842577219,0.011457421816885471,0.9856647253036499
ISIC_0016007.jpg,0.1566409021615982,0.8428955674171448,0.00046347471652552485
ISIC_0016008.jpg,0.973164975643158,0.020092349499464035,0.0067426590248942375
ISIC_0016009.jpg,0.0003250136796850711,0.9996534585952759,2.1527464923565276e-05
ISIC_0016011.jpg,2.588711822681944e-06,0.9996960163116455,0.00030140619492158294
ISIC_0016012.jpg,0.0005668278899975121,0.999431312084198,1.828191216191044e-06
ISIC_0016013.jpg,0.010037148371338844,0.9899161458015442,4.669481495511718e-05
ISIC_0016014.jpg,0.008179077878594398,0.9917215704917908,9.924954065354541e-05
ISIC_0016015.jpg,0.00613767234608531,0.993861198425293,1.1252290050833835e-06
ISIC_0016016.jpg,0.0008221782627515495,0.9991777539253235,4.24522283992701e-08
ISIC_0016017.jpg,0.05450569838285446,0.9438929557800293,0.001601310446858406
ISIC_0016018.jpg,0.00014756385644432157,0.9993597865104675,0.0004926184192299843
ISIC_0016019.jpg,0.015004970133304596,0.9701612591743469,0.01483382098376751
ISIC_0016022.jpg,0.9124283194541931,0.0799635574221611,0.0076081096194684505
ISIC_0016023.jpg,0.0017422584351152182,0.0753830075263977,0.9228746891021729
ISIC_0016024.jpg,0.909267008304596,0.09062620997428894,0.00010672958887880668
ISIC_0016025.jpg,0.015050377696752548,0.9849117994308472,3.7797362892888486e-05
ISIC_0016026.jpg,0.10930515825748444,0.021602796390652657,0.8690921068191528
ISIC_0016027.jpg,0.0003033483517356217,0.9968419075012207,0.0028547742404043674
ISIC_0016028.jpg,7.647863094462082e-05,0.9436983466148376,0.05622512847185135
ISIC_0016029.jpg,0.15171870589256287,0.8200376033782959,0.028243688866496086
ISIC_0016030.jpg,0.11562480032444,0.8612601161003113,0.023115040734410286
ISIC_0016031.jpg,0.464054673910141,0.533876359462738,0.002068982692435384
ISIC_0016033.jpg,0.9399878978729248,0.05957924202084541,0.0004328816430643201
ISIC_0016034.jpg,0.19156578183174133,0.8080259561538696,0.0004081763909198344
ISIC_0016035.jpg,0.12482105940580368,0.701458215713501,0.17372076213359833
ISIC_0016036.jpg,0.9681406021118164,0.02109888382256031,0.010760508477687836
ISIC_0016037.jpg,0.7611688375473022,0.2375544160604477,0.0012767927255481482
ISIC_0016038.jpg,0.03559883311390877,0.9640947580337524,0.0003064546617679298
ISIC_0016040.jpg,0.05311590060591698,0.8516263365745544,0.09525776654481888
ISIC_0016041.jpg,0.0002912298950832337,0.12608478963375092,0.8736239671707153
ISIC_0016042.jpg,0.00021972207468934357,0.002863421570509672,0.9969168901443481
ISIC_0016043.jpg,1.8784941175908898e-06,0.021678512915968895,0.9783195853233337
ISIC_0016044.jpg,9.642252553021535e-05,0.6440527439117432,0.35585078597068787
ISIC_0016045.jpg,0.04113388806581497,0.9586859941482544,0.00018015262321569026
ISIC_0016046.jpg,0.7459317445755005,0.25285178422927856,0.0012164243962615728
ISIC_0016048.jpg,0.0012391770724207163,0.9978101849555969,0.0009505950147286057
ISIC_0016049.jpg,0.4107103943824768,0.5888619422912598,0.0004276354447938502
ISIC_0016050.jpg,0.4425662159919739,0.5555984973907471,0.0018353029154241085
ISIC_0016051.jpg,0.7701263427734375,0.22725945711135864,0.002614162629470229
ISIC_0016052.jpg,0.4482608437538147,0.5282649397850037,0.023474195972085
ISIC_0016053.jpg,0.00029443070525303483,0.9996734857559204,3.2047610147856176e-05
ISIC_0016054.jpg,0.00039984716568142176,0.0337243378162384,0.9658758044242859
ISIC_0016055.jpg,0.30893179774284363,0.6909535527229309,0.00011463618284324184
ISIC_0016056.jpg,0.05949563905596733,0.904599130153656,0.035905227065086365
ISIC_0016057.jpg,0.9722016453742981,0.027789752930402756,8.568195880798157e-06
ISIC_0016058.jpg,0.06181880459189415,0.8908030986785889,0.047378119081258774
ISIC_0016059.jpg,0.0008624927140772343,0.9991051554679871,3.225736872991547e-05
ISIC_0016060.jpg,0.0596732422709465,0.9402751326560974,5.1653732953127474e-05
ISIC_0016061.jpg,0.0011624415637925267,0.9988371729850769,3.7330036661842314e-07
ISIC_0016062.jpg,0.010845515877008438,0.9891520738601685,2.3464647256332682e-06
ISIC_0016063.jpg,0.00029118984821252525,0.9996383190155029,7.041454227874056e-05
ISIC_0016064.jpg,0.060935989022254944,0.33482906222343445,0.6042349934577942
ISIC_0016065.jpg,0.005883464589715004,0.9481898546218872,0.04592667147517204
ISIC_0016066.jpg,0.9975154399871826,0.0024558939039707184,2.8675638532149605e-05
ISIC_0016068.jpg,0.9995471835136414,0.00045261875493451953,1.0091542890222627e-07
ISIC_0016069.jpg,0.01127198152244091,0.9883848428726196,0.0003432326775509864
ISIC_0016070.jpg,0.0008280554902739823,0.999131977558136,4.003284630016424e-05
ISIC_0016071.jpg,0.05863870680332184,0.5848343372344971,0.3565269708633423
ISIC_0016072.jpg,0.9891847372055054,0.010513810440897942,0.0003014089015778154
ISIC_0012086.jpg,0.006237230263650417,0.07859677821397781,0.9151659607887268
ISIC_0012134.jpg,0.00039555347757413983,0.00012352748308330774,0.9994809031486511
ISIC_0012136.jpg,0.0026127551682293415,0.005544411484152079,0.9918428659439087
ISIC_0012178.jpg,0.017384333536028862,0.01347608957439661,0.9691396355628967
ISIC_0012199.jpg,0.9285845160484314,0.01576904021203518,0.05564634129405022
ISIC_0012207.jpg,0.09162286669015884,0.8883033990859985,0.0200736653059721
ISIC_0012215.jpg,0.020662207156419754,0.002116168849170208,0.9772216081619263
ISIC_0012223.jpg,0.49940502643585205,0.0448794923722744,0.4557154178619385
ISIC_0012240.jpg,0.01133098267018795,0.006898487452417612,0.9817705750465393
ISIC_0012248.jpg,0.9836057424545288,0.0059123714454472065,0.010481937788426876
ISIC_0012265.jpg,0.9483159780502319,0.043463949114084244,0.008220047689974308
ISIC_0012266.jpg,0.11045723408460617,0.14713668823242188,0.7424060702323914
ISIC_0012272.jpg,5.284953658701852e-06,0.10144918411970139,0.898545503616333
ISIC_0012273.jpg,0.0002909761678893119,3.9799182559363544e-05,0.9996691942214966
ISIC_0012314.jpg,0.2741171419620514,0.6835039854049683,0.04237889498472214
ISIC_0012323.jpg,0.00021617728634737432,0.0011033819755539298,0.9986804127693176
ISIC_0012330.jpg,0.9306603074073792,0.0666525810956955,0.002687196247279644
ISIC_0012358.jpg,1.3172398727334667e-09,6.914284966796913e-08,0.9999998807907104
ISIC_0012364.jpg,0.011477961204946041,0.07418110966682434,0.9143409132957458
ISIC_0012372.jpg,1.9899450061930737e-14,2.1161494778709766e-10,1.0
ISIC_0012375.jpg,4.2430119719938375e-06,6.932636551937321e-06,0.9999887943267822
ISIC_0012387.jpg,5.525331289391033e-06,4.64342265331652e-05,0.9999480247497559
ISIC_0012388.jpg,8.519853622601659e-08,1.2602645256265532e-06,0.9999986886978149
ISIC_0012414.jpg,0.0003328958700876683,0.01851201057434082,0.9811550974845886
ISIC_0012428.jpg,0.11161315441131592,0.11745581030845642,0.7709310054779053
ISIC_0012432.jpg,0.0021691941656172276,0.07601504772901535,0.9218157529830933
ISIC_0012447.jpg,8.595985718784505e-07,0.0003554689756128937,0.9996436834335327
ISIC_0012448.jpg,1.2593820031270297e-07,1.751257514115423e-05,0.9999823570251465
ISIC_0012510.jpg,0.7603002786636353,0.07116086035966873,0.1685388833284378
ISIC_0012522.jpg,0.7003265619277954,0.2651202380657196,0.034553200006484985
ISIC_0012537.jpg,0.0577411912381649,0.7404243350028992,0.20183447003364563
ISIC_0012548.jpg,0.007281351834535599,0.09118830412626266,0.9015303254127502
ISIC_0012705.jpg,0.8899365067481995,0.10709109157323837,0.002972371643409133
ISIC_0012757.jpg,1.0404574823041912e-05,0.00017194364045280963,0.9998176693916321
ISIC_0012786.jpg,7.655488012449103e-16,5.7789636791205634e-12,1.0
ISIC_0012848.jpg,0.35621559619903564,0.5797664523124695,0.06401795893907547
ISIC_0012852.jpg,1.1591625479923096e-05,0.00345366052351892,0.9965347051620483
ISIC_0012928.jpg,1.3751896756758475e-12,1.6211045839042981e-09,1.0
ISIC_0012955.jpg,0.0675981268286705,0.13330689072608948,0.7990949749946594
ISIC_0012974.jpg,1.9999797843433718e-17,1.9372237104395285e-13,1.0
ISIC_0013030.jpg,0.0065986295230686665,0.12949016690254211,0.8639112114906311
ISIC_0013035.jpg,5.0923517846968025e-06,0.0013823187910020351,0.9986125230789185
ISIC_0013085.jpg,5.469169627758674e-05,0.15491795539855957,0.8450273871421814
ISIC_0013169.jpg,0.0001439087063772604,0.000626174733042717,0.999229907989502
ISIC_0013170.jpg,9.889828334053163e-07,1.1578564226510935e-05,0.9999874830245972
ISIC_0013203.jpg,7.557422941317782e-05,0.0042746830731630325,0.9956497550010681
ISIC_0013270.jpg,0.7661256194114685,0.23265394568443298,0.0012203919468447566
ISIC_0013271.jpg,0.013839018531143665,0.11311843246221542,0.8730425238609314
ISIC_0013281.jpg,9.894206596072763e-05,0.0002455036446917802,0.9996556043624878
ISIC_0013319.jpg,0.5707926750183105,0.004987745080143213,0.4242195188999176
ISIC_0013393.jpg,0.05437938868999481,0.2447943240404129,0.7008263468742371
ISIC_0013465.jpg,0.0007434350554831326,0.12831342220306396,0.8709431290626526
ISIC_0013673.jpg,0.0019237165106460452,0.1072198897600174,0.8908563256263733
ISIC_0013708.jpg,1.3649909305968322e-05,6.652308002230711e-06,0.9999797344207764
ISIC_0013764.jpg,0.38190406560897827,0.6055252552032471,0.012570634484291077
ISIC_0013977.jpg,0.000119358031952288,0.0126864118501544,0.9871942400932312
ISIC_0014006.jpg,0.0010963300010189414,0.0008546641911379993,0.9980490207672119
ISIC_0014177.jpg,0.0152064748108387,0.013890130445361137,0.9709033370018005
ISIC_0014251.jpg,0.0007265117019414902,0.00014678634761366993,0.9991267323493958
ISIC_0014278.jpg,8.69755767407554e-10,4.2046269754791865e-07,0.9999995231628418
ISIC_0014386.jpg,4.588872252497822e-05,0.0004297754494473338,0.9995243549346924
ISIC_0014392.jpg,1.0736740563288549e-07,2.439707714074757e-06,0.9999974966049194
ISIC_0014409.jpg,0.038118019700050354,0.9416602253913879,0.020221780985593796
ISIC_0014419.jpg,0.10934223234653473,0.035573676228523254,0.8550840616226196
ISIC_0014457.jpg,0.002196120098233223,0.9786388874053955,0.019164903089404106
ISIC_0014474.jpg,2.3978072860586508e-09,8.05483750809799e-08,0.9999998807907104
ISIC_0014500.jpg,0.006347279064357281,0.008666448295116425,0.9849862456321716
ISIC_0014503.jpg,0.013548004440963268,0.02553924173116684,0.9609127640724182
ISIC_0014567.jpg,1.4241591372865514e-07,6.687828317808453e-06,0.9999932050704956
ISIC_0014574.jpg,5.654746448868764e-09,8.316725086388033e-08,0.9999998807907104
ISIC_0014575.jpg,2.3422716211030092e-08,2.9795035061397357e-07,0.9999996423721313
ISIC_0014586.jpg,0.8980754017829895,0.09170567989349365,0.010218900628387928
ISIC_0014587.jpg,0.00017153316002804786,0.0966246947646141,0.9032037854194641
ISIC_0014588.jpg,2.3966612161530065e-07,0.009026647545397282,0.9909731149673462
ISIC_0014590.jpg,2.54925709253394e-16,6.254815187924784e-14,1.0
ISIC_0014600.jpg,0.0007540828082710505,4.828587771044113e-05,0.9991976618766785
ISIC_0014619.jpg,9.083015174837783e-05,8.53413439472206e-05,0.9998238682746887
ISIC_0014626.jpg,9.879169738269411e-06,7.775738595228177e-06,0.9999823570251465
ISIC_0014627.jpg,1.3609570359562895e-08,9.053712710738182e-05,0.9999094009399414
ISIC_0014629.jpg,3.5470080206323473e-07,2.955635864054784e-06,0.9999966621398926
ISIC_0014631.jpg,1.2451222573872656e-05,0.001851236098445952,0.9981362819671631
ISIC_0014634.jpg,1.5504238035646267e-06,4.851038829656318e-05,0.9999499320983887
ISIC_0014643.jpg,5.2217896673312225e-09,5.944070267105417e-07,0.9999994039535522
ISIC_0014644.jpg,2.0963740610113746e-07,2.244389861516538e-06,0.9999974966049194
ISIC_0014645.jpg,0.46613532304763794,0.01138860173523426,0.522476077079773
ISIC_0014647.jpg,0.17693544924259186,0.009005693718791008,0.8140588402748108
ISIC_0014648.jpg,2.8676205561604245e-14,1.5121641785964535e-11,1.0
ISIC_0014649.jpg,1.0329274241493991e-10,7.107078481283224e-09,1.0
ISIC_0014652.jpg,0.0012463560560718179,6.746102008037269e-05,0.9986861348152161
ISIC_0014653.jpg,2.0395361843839055e-08,1.4701194572808163e-07,0.9999998807907104
